longitude_e4,latitude_e4,start_time,platform_id,resolution_id,band_id,si_value,radiance,reflectance,uncertainty_index,uncertainty_pct
-1011858,271083,201204010545,1,2,21,8701,0.37389126,0.0,0,0.563
-1012343,271056,201204010545,1,2,21,8637,0.36988333,0.0,0,0.563
-1012826,271029,201204010545,1,2,21,8390,0.3544152,0.0,0,0.563
-1013307,271002,201204010545,1,2,21,8286,0.34790233,0.0,0,0.563
-1013781,270975,201204010545,1,2,21,7759,0.31489947,0.0,0,0.563
-1014254,270948,201204010545,1,2,21,7487,0.29786575,0.0,0,0.563
-1014724,270921,201204010545,1,2,21,7735,0.3133965,0.0,0,0.563
-1015188,270895,201204010545,1,2,21,7287,0.28534096,0.0,0,0.563
-1015646,270868,201204010545,1,2,21,7095,0.27331716,0.0,0,0.563
-1016106,270841,201204010545,1,2,21,7607,0.30538064,0.0,0,0.563
-1016562,270814,201204010545,1,2,21,7431,0.29435882,0.0,0,0.563
-1017015,270788,201204010545,1,2,21,7631,0.3068836,0.0,0,0.563
-1017553,270756,201204010545,1,2,21,8398,0.35491621,0.0,0,0.563
-1017935,270733,201204010545,1,2,21,7967,0.32792526,0.0,0,0.563
-1018376,270707,201204010545,1,2,21,7815,0.31840643,0.0,0,0.563
-1018882,270676,201204010545,1,2,21,7927,0.32542032,0.0,0,0.563
-1019349,270648,201204010545,1,2,21,7799,0.31740445,0.0,0,0.563
-1019881,270615,201204010545,1,2,21,7543,0.3013727,0.0,0,0.563
-1020249,270593,201204010545,1,2,21,7703,0.31139255,0.0,0,0.563
-1020614,270570,201204010545,1,2,21,8079,0.33493915,0.0,0,0.563
-1020986,270547,201204010545,1,2,21,7719,0.31239453,0.0,0,0.563
-1021389,270522,201204010545,1,2,21,6839,0.25728542,0.0,0,0.563
-1021822,270495,201204010545,1,2,21,7695,0.31089154,0.0,0,0.563
-1022299,270465,201204010545,1,2,21,8118,0.33738148,0.0,0,0.563
-1022768,270436,201204010545,1,2,21,7695,0.31089154,0.0,0,0.563
-1023295,270402,201204010545,1,2,21,6798,0.25471783,0.0,0,0.563
-1023745,270374,201204010545,1,2,21,6325,0.22509669,0.0,0,0.563
-1024182,270346,201204010545,1,2,21,6229,0.21908478,0.0,0,0.563
-1024543,270323,201204010545,1,2,21,6590,0.24169204,0.0,0,0.563
-1024802,270306,201204010545,1,2,21,7047,0.2703112,0.0,0,0.563
-1025145,270283,201204010545,1,2,21,6815,0.25578243,0.0,0,0.563
-1025515,270259,201204010545,1,2,21,6590,0.24169204,0.0,0,0.563
-1025890,270235,201204010545,1,2,21,6438,0.23217319,0.0,0,0.563
-1026268,270210,201204010545,1,2,21,6430,0.2316722,0.0,0,0.563
-1026644,270185,201204010545,1,2,21,6510,0.23668212,0.0,0,0.563
-1027020,270160,201204010545,1,2,21,6470,0.23417716,0.0,0,0.563
-1027421,270134,201204010545,1,2,21,7191,0.27932906,0.0,0,0.563
-1027786,270109,201204010545,1,2,21,7127,0.27532113,0.0,0,0.563
-1028164,270084,201204010545,1,2,21,7423,0.2938578,0.0,0,0.563
-1028519,270060,201204010545,1,2,21,7239,0.282335,0.0,0,0.563
-1028887,270035,201204010545,1,2,21,7079,0.27231517,0.0,0,0.563
-1029258,270010,201204010545,1,2,21,6814,0.2557198,0.0,0,0.563
-1029633,269984,201204010545,1,2,21,6726,0.2502089,0.0,0,0.563
-1029989,269960,201204010545,1,2,21,7391,0.29185385,0.0,0,0.563
-1030324,269937,201204010545,1,2,21,6670,0.24670196,0.0,0,0.563
-1030680,269913,201204010545,1,2,21,6454,0.23317517,0.0,0,0.563
-1031034,269888,201204010545,1,2,21,6638,0.24469799,0.0,0,0.563
-1031390,269863,201204010545,1,2,21,6662,0.24620096,0.0,0,0.563
-1031794,269835,201204010545,1,2,21,7471,0.29686376,0.0,0,0.563
-1032152,269810,201204010545,1,2,21,7015,0.26830724,0.0,0,0.563
-1032503,269786,201204010545,1,2,21,7119,0.27482012,0.0,0,0.563
-1032873,269760,201204010545,1,2,21,7727,0.3128955,0.0,0,0.563
-1033154,269740,201204010545,1,2,21,7927,0.32542032,0.0,0,0.563
-1033476,269717,201204010545,1,2,21,7655,0.3083866,0.0,0,0.563
-1033808,269693,201204010545,1,2,21,7031,0.26930922,0.0,0,0.563
-1034145,269669,201204010545,1,2,21,6863,0.25878838,0.0,0,0.563
-1034482,269645,201204010545,1,2,21,6662,0.24620096,0.0,0,0.563
-1034816,269621,201204010545,1,2,21,6718,0.2497079,0.0,0,0.563
-1035150,269597,201204010545,1,2,21,6702,0.24870592,0.0,0,0.563
-1035483,269573,201204010545,1,2,21,6710,0.24920692,0.0,0,0.563
-1035815,269549,201204010545,1,2,21,6694,0.24820493,0.0,0,0.563
-1036146,269525,201204010545,1,2,21,6662,0.24620096,0.0,0,0.563
-1036474,269501,201204010545,1,2,21,6798,0.25471783,0.0,0,0.563
-1036801,269477,201204010545,1,2,21,6935,0.26329732,0.0,0,0.563
-1037123,269453,201204010545,1,2,21,6766,0.25271386,0.0,0,0.563
-1037443,269430,201204010545,1,2,21,6726,0.2502089,0.0,0,0.563
-1037765,269406,201204010545,1,2,21,6879,0.25979036,0.0,0,0.563
-1038079,269382,201204010545,1,2,21,6822,0.25622082,0.0,0,0.563
-1038389,269359,201204010545,1,2,21,6903,0.26129335,0.0,0,0.563
-1038698,269336,201204010545,1,2,21,6726,0.2502089,0.0,0,0.563
-1039008,269313,201204010545,1,2,21,6470,0.23417716,0.0,0,0.563
-1039317,269290,201204010545,1,2,21,6325,0.22509669,0.0,0,0.563
-1039628,269266,201204010545,1,2,21,6253,0.22058776,0.0,0,0.563
-1039936,269243,201204010545,1,2,21,6277,0.22209074,0.0,0,0.563
-1040243,269220,201204010545,1,2,21,6470,0.23417716,0.0,0,0.563
-1040549,269197,201204010545,1,2,21,6598,0.24219303,0.0,0,0.563
-1040853,269173,201204010545,1,2,21,6678,0.24720295,0.0,0,0.563
-1041156,269150,201204010545,1,2,21,6967,0.2653013,0.0,0,0.563
-1041458,269127,201204010545,1,2,21,6927,0.2627963,0.0,0,0.563
-1041758,269104,201204010545,1,2,21,7055,0.27081218,0.0,0,0.563
-1042056,269081,201204010545,1,2,21,6806,0.25521883,0.0,0,0.563
-1042352,269058,201204010545,1,2,21,6654,0.24569997,0.0,0,0.563
-1042645,269035,201204010545,1,2,21,6542,0.23868608,0.0,0,0.563
-1042936,269013,201204010545,1,2,21,6109,0.2115699,0.0,0,0.563
-1043227,268990,201204010545,1,2,21,6052,0.20800033,0.0,0,0.563
-1043519,268967,201204010545,1,2,21,6903,0.26129335,0.0,0,0.563
-1043814,268944,201204010545,1,2,21,7479,0.29736477,0.0,0,0.563
-1044098,268922,201204010545,1,2,21,6558,0.23968807,0.0,0,0.563
-1044384,268899,201204010545,1,2,21,6381,0.22860363,0.0,0,0.563
-1044670,268877,201204010545,1,2,21,6558,0.23968807,0.0,0,0.563
-1044957,268854,201204010545,1,2,21,6863,0.25878838,0.0,0,0.563
-1045242,268831,201204010545,1,2,21,7095,0.27331716,0.0,0,0.563
-1045518,268809,201204010545,1,2,21,6943,0.2637983,0.0,0,0.563
-1045795,268787,201204010545,1,2,21,6782,0.25371584,0.0,0,0.563
-1046072,268765,201204010545,1,2,21,6438,0.23217319,0.0,0,0.563
-1046347,268743,201204010545,1,2,21,6245,0.22008677,0.0,0,0.563
-1046628,268720,201204010545,1,2,21,6646,0.24519898,0.0,0,0.563
-1046906,268698,201204010545,1,2,21,6895,0.26079234,0.0,0,0.563
-1047169,268677,201204010545,1,2,21,6349,0.22659966,0.0,0,0.563
-1047436,268655,201204010545,1,2,21,6165,0.21507685,0.0,0,0.563
-1047706,268633,201204010545,1,2,21,6325,0.22509669,0.0,0,0.563
-1047973,268611,201204010545,1,2,21,6574,0.24069005,0.0,0,0.563
-1048242,268589,201204010545,1,2,21,6686,0.24770394,0.0,0,0.563
-1048512,268567,201204010545,1,2,21,6814,0.2557198,0.0,0,0.563
-1048775,268546,201204010545,1,2,21,6846,0.25772378,0.0,0,0.563
-1049039,268524,201204010545,1,2,21,6798,0.25471783,0.0,0,0.563
-1049305,268502,201204010545,1,2,21,6662,0.24620096,0.0,0,0.563
-1049565,268481,201204010545,1,2,21,6734,0.2507099,0.0,0,0.563
-1049824,268459,201204010545,1,2,21,6678,0.24720295,0.0,0,0.563
-1050082,268438,201204010545,1,2,21,6919,0.26229534,0.0,0,0.563
-1050338,268417,201204010545,1,2,21,7047,0.2703112,0.0,0,0.563
-1050595,268395,201204010545,1,2,21,7159,0.2773251,0.0,0,0.563
-1050853,268374,201204010545,1,2,21,6822,0.25622082,0.0,0,0.563
-1051103,268353,201204010545,1,2,21,6838,0.2572228,0.0,0,0.563
-1051351,268332,201204010545,1,2,21,6654,0.24569997,0.0,0,0.563
-1051604,268311,201204010545,1,2,21,6766,0.25271386,0.0,0,0.563
-1051855,268289,201204010545,1,2,21,6582,0.24119104,0.0,0,0.563
-1052106,268268,201204010545,1,2,21,6397,0.22960562,0.0,0,0.563
-1052358,268247,201204010545,1,2,21,6542,0.23868608,0.0,0,0.563
-1052608,268226,201204010545,1,2,21,6927,0.2627963,0.0,0,0.563
-1052860,268204,201204010545,1,2,21,7103,0.27381814,0.0,0,0.563
-1053106,268183,201204010545,1,2,21,7087,0.27281615,0.0,0,0.563
-1053350,268162,201204010545,1,2,21,6919,0.26229534,0.0,0,0.563
-1053598,268141,201204010545,1,2,21,6983,0.26630327,0.0,0,0.563
-1053840,268121,201204010545,1,2,21,6726,0.2502089,0.0,0,0.563
-1054081,268100,201204010545,1,2,21,6654,0.24569997,0.0,0,0.563
-1054322,268079,201204010545,1,2,21,6261,0.22108875,0.0,0,0.563
-1054563,268058,201204010545,1,2,21,6349,0.22659966,0.0,0,0.563
-1054802,268038,201204010545,1,2,21,6309,0.2240947,0.0,0,0.563
-1055044,268017,201204010545,1,2,21,6414,0.23067021,0.0,0,0.563
-1055283,267996,201204010545,1,2,21,6542,0.23868608,0.0,0,0.563
-1055526,267975,201204010545,1,2,21,6606,0.24269402,0.0,0,0.563
-1055763,267954,201204010545,1,2,21,6534,0.2381851,0.0,0,0.563
-1055990,267934,201204010545,1,2,21,6197,0.21708082,0.0,0,0.563
-1056221,267914,201204010545,1,2,21,5803,0.19240697,0.0,0,0.563
-1056454,267894,201204010545,1,2,21,5892,0.1979805,0.0,0,0.563
-1056687,267873,201204010545,1,2,21,6004,0.20499438,0.0,0,0.563
-1056921,267853,201204010545,1,2,21,6430,0.2316722,0.0,0,0.563
-1057154,267832,201204010545,1,2,21,6702,0.24870592,0.0,0,0.563
-1057389,267811,201204010545,1,2,21,6895,0.26079234,0.0,0,0.563
-1057632,267790,201204010545,1,2,21,6870,0.25922677,0.0,0,0.563
-1057857,267770,201204010545,1,2,21,6766,0.25271386,0.0,0,0.563
-1058084,267750,201204010545,1,2,21,6702,0.24870592,0.0,0,0.563
-1058326,267728,201204010545,1,2,21,6870,0.25922677,0.0,0,0.563
-1058545,267709,201204010545,1,2,21,6750,0.25171188,0.0,0,0.563
-1058789,267687,201204010545,1,2,21,6526,0.2376841,0.0,0,0.563
-1059048,267664,201204010545,1,2,21,6173,0.21557784,0.0,0,0.563
-1059237,267647,201204010545,1,2,21,6325,0.22509669,0.0,0,0.563
-1059436,267629,201204010545,1,2,21,6173,0.21557784,0.0,0,0.563
-1059651,267610,201204010545,1,2,21,6036,0.20699835,0.0,0,0.563
-1059866,267590,201204010545,1,2,21,5771,0.190403,0.0,0,0.563
-1060096,267570,201204010545,1,2,21,6165,0.21507685,0.0,0,0.563
-1060313,267550,201204010545,1,2,21,6004,0.20499438,0.0,0,0.563
-1060534,267530,201204010545,1,2,21,5827,0.19390994,0.0,0,0.563
-1060743,267511,201204010545,1,2,21,6084,0.2100043,0.0,0,0.563
-1060954,267492,201204010545,1,2,21,6301,0.22359371,0.0,0,0.563
-1061172,267472,201204010545,1,2,21,6470,0.23417716,0.0,0,0.563
-1061362,267455,201204010545,1,2,21,6430,0.2316722,0.0,0,0.563
-1061566,267436,201204010545,1,2,21,6181,0.21607883,0.0,0,0.563
-1061770,267417,201204010545,1,2,21,6173,0.21557784,0.0,0,0.563
-1061993,267397,201204010545,1,2,21,6373,0.22810264,0.0,0,0.563
-1062215,267376,201204010545,1,2,21,6654,0.24569997,0.0,0,0.563
-1062396,267360,201204010545,1,2,21,6782,0.25371584,0.0,0,0.563
-1062596,267341,201204010545,1,2,21,6614,0.24319501,0.0,0,0.563
-1062803,267322,201204010545,1,2,21,6558,0.23968807,0.0,0,0.563
-1063026,267302,201204010545,1,2,21,6662,0.24620096,0.0,0,0.563
-1063242,267282,201204010545,1,2,21,6919,0.26229534,0.0,0,0.563
-1063448,267262,201204010545,1,2,21,6935,0.26329732,0.0,0,0.563
-1063671,267242,201204010545,1,2,21,6830,0.2567218,0.0,0,0.563
-1063881,267222,201204010545,1,2,21,6718,0.2497079,0.0,0,0.563
-1064065,267205,201204010545,1,2,21,6742,0.2512109,0.0,0,0.563
-1064278,267185,201204010545,1,2,21,6726,0.2502089,0.0,0,0.563
-1064475,267167,201204010545,1,2,21,6670,0.24670196,0.0,0,0.563
-1064695,267146,201204010545,1,2,21,6606,0.24269402,0.0,0,0.563
-1064899,267127,201204010545,1,2,21,6630,0.244197,0.0,0,0.563
-1065103,267108,201204010545,1,2,21,6534,0.2381851,0.0,0,0.563
-1065305,267089,201204010545,1,2,21,6478,0.23467815,0.0,0,0.563
-1065507,267070,201204010545,1,2,21,6357,0.22710066,0.0,0,0.563
-1065701,267051,201204010545,1,2,21,6301,0.22359371,0.0,0,0.563
-1065901,267033,201204010545,1,2,21,6221,0.21858379,0.0,0,0.563
-1066107,267013,201204010545,1,2,21,6197,0.21708082,0.0,0,0.563
-1066302,266995,201204010545,1,2,21,6189,0.21657982,0.0,0,0.563
-1066502,266976,201204010545,1,2,21,6084,0.2100043,0.0,0,0.563
-1066692,266957,201204010545,1,2,21,5924,0.19998446,0.0,0,0.563
-1066879,266940,201204010545,1,2,21,5763,0.18990201,0.0,0,0.563
-1067071,266921,201204010545,1,2,21,5707,0.18639506,0.0,0,0.563
-1067264,266903,201204010545,1,2,21,5908,0.19898248,0.0,0,0.563
-1067457,266884,201204010545,1,2,21,5980,0.2034914,0.0,0,0.563
-1067667,266864,201204010545,1,2,21,6036,0.20699835,0.0,0,0.563
-1067851,266847,201204010545,1,2,21,6004,0.20499438,0.0,0,0.563
-1068030,266829,201204010545,1,2,21,6157,0.21457586,0.0,0,0.563
-1068208,266812,201204010545,1,2,21,6101,0.21106891,0.0,0,0.563
-1068400,266794,201204010545,1,2,21,6149,0.21407486,0.0,0,0.563
-1068586,266776,201204010545,1,2,21,6173,0.21557784,0.0,0,0.563
-1068775,266757,201204010545,1,2,21,6092,0.21050529,0.0,0,0.563
-1068960,266739,201204010545,1,2,21,6269,0.22158974,0.0,0,0.563
-1069149,266721,201204010545,1,2,21,6205,0.21758181,0.0,0,0.563
-1069340,266703,201204010545,1,2,21,6092,0.21050529,0.0,0,0.563
-1069501,266687,201204010545,1,2,21,6710,0.24920692,0.0,0,0.563
-1069665,266671,201204010545,1,2,21,7359,0.28984988,0.0,0,0.563
-1069818,266656,201204010545,1,2,21,7950,0.32686067,0.0,0,0.563
-1069990,266639,201204010545,1,2,21,8054,0.33337355,0.0,0,0.563
-1070178,266621,201204010545,1,2,21,7974,0.32836363,0.0,0,0.563
-1070362,266603,201204010545,1,2,21,7974,0.32836363,0.0,0,0.563
-1070557,266584,201204010545,1,2,21,7671,0.30938858,0.0,0,0.563
-1070745,266565,201204010545,1,2,21,7631,0.3068836,0.0,0,0.563
-1070926,266547,201204010545,1,2,21,7631,0.3068836,0.0,0,0.563
-1071077,266532,201204010545,1,2,21,8134,0.33838347,0.0,0,0.563
-1071239,266516,201204010545,1,2,21,8517,0.36236846,0.0,0,0.563
-1071448,266496,201204010545,1,2,21,8605,0.36787936,0.0,0,0.563
-1071634,266478,201204010545,1,2,21,8477,0.3598635,0.0,0,0.563
-1071807,266460,201204010545,1,2,21,8509,0.36186746,0.0,0,0.563
-1071985,266443,201204010545,1,2,21,8581,0.3663764,0.0,0,0.563
-1072121,266429,201204010545,1,2,21,8971,0.39079976,0.0,0,0.563
-1072396,266402,201204010545,1,2,21,7839,0.3199094,0.0,0,0.563
-1072521,266390,201204010545,1,2,21,8342,0.35140926,0.0,0,0.563
-1072643,266377,201204010545,1,2,21,8908,0.38685444,0.0,0,0.563
-1072859,266356,201204010545,1,2,21,8174,0.34088844,0.0,0,0.563
-1073059,266336,201204010545,1,2,21,7743,0.3138975,0.0,0,0.563
-1073253,266317,201204010545,1,2,21,7279,0.28483996,0.0,0,0.563
-1073423,266300,201204010545,1,2,21,7167,0.27782607,0.0,0,0.563
-1073590,266283,201204010545,1,2,21,7367,0.29035088,0.0,0,0.563
-1073732,266268,201204010545,1,2,21,8006,0.3303676,0.0,0,0.563
-1073900,266252,201204010545,1,2,21,8549,0.36437243,0.0,0,0.563
-1074080,266233,201204010545,1,2,21,8342,0.35140926,0.0,0,0.563
-1074304,266211,201204010545,1,2,21,7407,0.29285583,0.0,0,0.563
-1074508,266191,201204010545,1,2,21,6638,0.24469799,0.0,0,0.563
-1074662,266175,201204010545,1,2,21,6646,0.24519898,0.0,0,0.563
-1074820,266159,201204010545,1,2,21,6373,0.22810264,0.0,0,0.563
-1074989,266142,201204010545,1,2,21,6526,0.2376841,0.0,0,0.563
-1075142,266126,201204010545,1,2,21,7063,0.2713132,0.0,0,0.563
-1075306,266109,201204010545,1,2,21,7239,0.282335,0.0,0,0.563
-1075458,266094,201204010545,1,2,21,7487,0.29786575,0.0,0,0.563
-1075614,266078,201204010545,1,2,21,7855,0.32091138,0.0,0,0.563
-1075757,266063,201204010545,1,2,21,8278,0.34740132,0.0,0,0.563
-1075906,266048,201204010545,1,2,21,8597,0.36737838,0.0,0,0.563
-1076075,266031,201204010545,1,2,21,8701,0.37389126,0.0,0,0.563
-1076245,266014,201204010545,1,2,21,8549,0.36437243,0.0,0,0.563
-1076436,265994,201204010545,1,2,21,8230,0.34439537,0.0,0,0.563
-1076582,265979,201204010545,1,2,21,8382,0.35391423,0.0,0,0.563
-1076742,265963,201204010545,1,2,21,8270,0.34690034,0.0,0,0.563
-1076946,265942,201204010545,1,2,21,7990,0.3293656,0.0,0,0.563
-1077125,265923,201204010545,1,2,21,7583,0.30387765,0.0,0,0.563
-1077325,265903,201204010545,1,2,21,7023,0.26880822,0.0,0,0.563
-1077498,265885,201204010545,1,2,21,6766,0.25271386,0.0,0,0.563
-1077665,265868,201204010545,1,2,21,6550,0.23918708,0.0,0,0.563
-1077837,265850,201204010545,1,2,21,6389,0.22910462,0.0,0,0.563
-1077988,265834,201204010545,1,2,21,6309,0.2240947,0.0,0,0.563
-1078156,265817,201204010545,1,2,21,6470,0.23417716,0.0,0,0.563
-1078312,265801,201204010545,1,2,21,6365,0.22760165,0.0,0,0.563
-1078457,265786,201204010545,1,2,21,6638,0.24469799,0.0,0,0.563
-1078595,265771,201204010545,1,2,21,6854,0.2582248,0.0,0,0.563
-1078753,265755,201204010545,1,2,21,7023,0.26880822,0.0,0,0.563
-1078908,265739,201204010545,1,2,21,7111,0.27431914,0.0,0,0.563
-1079072,265722,201204010545,1,2,21,7031,0.26930922,0.0,0,0.563
-1079214,265707,201204010545,1,2,21,7231,0.281834,0.0,0,0.563
-1079356,265692,201204010545,1,2,21,7055,0.27081218,0.0,0,0.563
-1079512,265675,201204010545,1,2,21,7055,0.27081218,0.0,0,0.563
-1079671,265659,201204010545,1,2,21,7095,0.27331716,0.0,0,0.563
-1079818,265643,201204010545,1,2,21,7903,0.32391733,0.0,0,0.563
-1079947,265630,201204010545,1,2,21,8006,0.3303676,0.0,0,0.563
-1080132,265610,201204010545,1,2,21,7655,0.3083866,0.0,0,0.563
-1080304,265592,201204010545,1,2,21,7543,0.3013727,0.0,0,0.563
-1080444,265577,201204010545,1,2,21,7727,0.3128955,0.0,0,0.563
-1080586,265562,201204010545,1,2,21,7998,0.32986662,0.0,0,0.563
-1080729,265547,201204010545,1,2,21,8142,0.33888447,0.0,0,0.563
-1080899,265529,201204010545,1,2,21,7927,0.32542032,0.0,0,0.563
-1081064,265512,201204010545,1,2,21,7607,0.30538064,0.0,0,0.563
-1081216,265496,201204010545,1,2,21,7719,0.31239453,0.0,0,0.563
-1081358,265481,201204010545,1,2,21,7567,0.30287567,0.0,0,0.563
-1081518,265464,201204010545,1,2,21,7447,0.2953608,0.0,0,0.563
-1081665,265448,201204010545,1,2,21,7631,0.3068836,0.0,0,0.563
-1081812,265432,201204010545,1,2,21,7567,0.30287567,0.0,0,0.563
-1081965,265416,201204010545,1,2,21,7591,0.30437866,0.0,0,0.563
-1082139,265398,201204010545,1,2,21,7575,0.30337667,0.0,0,0.563
-1082287,265382,201204010545,1,2,21,7543,0.3013727,0.0,0,0.563
-1082424,265367,201204010545,1,2,21,7887,0.32291535,0.0,0,0.563
-1082564,265352,201204010545,1,2,21,8126,0.3378825,0.0,0,0.563
-1082708,265337,201204010545,1,2,21,8294,0.3484033,0.0,0,0.563
-1082837,265323,201204010545,1,2,21,7783,0.31640247,0.0,0,0.563
-1082988,265307,201204010545,1,2,21,7751,0.3143985,0.0,0,0.563
-1083133,265291,201204010545,1,2,21,7887,0.32291535,0.0,0,0.563
-1083279,265275,201204010545,1,2,21,7535,0.3008717,0.0,0,0.563
-1083427,265259,201204010545,1,2,21,7391,0.29185385,0.0,0,0.563
-1083574,265243,201204010545,1,2,21,7423,0.2938578,0.0,0,0.563
-1083721,265228,201204010545,1,2,21,7383,0.29135287,0.0,0,0.563
-1083868,265212,201204010545,1,2,21,7311,0.28684393,0.0,0,0.563
-1084015,265196,201204010545,1,2,21,7495,0.29836676,0.0,0,0.563
-1084160,265180,201204010545,1,2,21,7847,0.3204104,0.0,0,0.563
-1084306,265164,201204010545,1,2,21,7607,0.30538064,0.0,0,0.563
-1084452,265148,201204010545,1,2,21,7687,0.31039056,0.0,0,0.563
-1084598,265133,201204010545,1,2,21,7623,0.30638263,0.0,0,0.563
-1084744,265117,201204010545,1,2,21,7711,0.31189352,0.0,0,0.563
-1084890,265101,201204010545,1,2,21,7759,0.31489947,0.0,0,0.563
-1085036,265085,201204010545,1,2,21,7927,0.32542032,0.0,0,0.563
-1085181,265069,201204010545,1,2,21,8230,0.34439537,0.0,0,0.563
-1085323,265054,201204010545,1,2,21,8030,0.3318706,0.0,0,0.563
-1085466,265038,201204010545,1,2,21,7719,0.31239453,0.0,0,0.563
-1085609,265022,201204010545,1,2,21,7911,0.32441834,0.0,0,0.563
-1085752,265007,201204010545,1,2,21,8102,0.3363795,0.0,0,0.563
-1085896,264991,201204010545,1,2,21,7919,0.3249193,0.0,0,0.563
-1086040,264975,201204010545,1,2,21,7903,0.32391733,0.0,0,0.563
-1086182,264960,201204010545,1,2,21,8006,0.3303676,0.0,0,0.563
-1086326,264944,201204010545,1,2,21,7719,0.31239453,0.0,0,0.563
-1086469,264928,201204010545,1,2,21,7759,0.31489947,0.0,0,0.563
-1086611,264913,201204010545,1,2,21,7775,0.31590146,0.0,0,0.563
-1086751,264897,201204010545,1,2,21,7519,0.29986972,0.0,0,0.563
-1086892,264882,201204010545,1,2,21,7511,0.29936874,0.0,0,0.563
-1087032,264866,201204010545,1,2,21,7607,0.30538064,0.0,0,0.563
-1087173,264851,201204010545,1,2,21,7743,0.3138975,0.0,0,0.563
-1087313,264835,201204010545,1,2,21,8374,0.35341322,0.0,0,0.563
-1087454,264820,201204010545,1,2,21,7591,0.30437866,0.0,0,0.563
-1087594,264804,201204010545,1,2,21,7375,0.29085186,0.0,0,0.563
-1087734,264788,201204010545,1,2,21,7335,0.28834692,0.0,0,0.563
-1087874,264773,201204010545,1,2,21,7319,0.28734493,0.0,0,0.563
-1088014,264757,201204010545,1,2,21,7367,0.29035088,0.0,0,0.563
-1088153,264742,201204010545,1,2,21,7359,0.28984988,0.0,0,0.563
-1088292,264726,201204010545,1,2,21,7151,0.2768241,0.0,0,0.563
-1088431,264711,201204010545,1,2,21,7183,0.27882805,0.0,0,0.563
-1088571,264695,201204010545,1,2,21,7423,0.2938578,0.0,0,0.563
-1088711,264680,201204010545,1,2,21,7783,0.31640247,0.0,0,0.563
-1088858,264663,201204010545,1,2,21,8078,0.33487654,0.0,0,0.563
-1089000,264648,201204010545,1,2,21,8118,0.33738148,0.0,0,0.563
-1089129,264633,201204010545,1,2,21,8182,0.34138942,0.0,0,0.563
-1089255,264619,201204010545,1,2,21,7943,0.3264223,0.0,0,0.563
-1089387,264604,201204010545,1,2,21,7399,0.29235485,0.0,0,0.563
-1089522,264589,201204010545,1,2,21,7247,0.282836,0.0,0,0.563
-1089657,264574,201204010545,1,2,21,7239,0.282335,0.0,0,0.563
-1089792,264559,201204010545,1,2,21,7239,0.282335,0.0,0,0.563
-1089927,264543,201204010545,1,2,21,7087,0.27281615,0.0,0,0.563
-1090062,264528,201204010545,1,2,21,6790,0.25421685,0.0,0,0.563
-1090197,264513,201204010545,1,2,21,6911,0.26179433,0.0,0,0.563
-1090331,264498,201204010545,1,2,21,6991,0.26680425,0.0,0,0.563
-1090465,264483,201204010545,1,2,21,6911,0.26179433,0.0,0,0.563
-1090598,264468,201204010545,1,2,21,6854,0.2582248,0.0,0,0.563
-1090732,264452,201204010545,1,2,21,6846,0.25772378,0.0,0,0.563
-1090865,264437,201204010545,1,2,21,6742,0.2512109,0.0,0,0.563
-1090998,264422,201204010545,1,2,21,6758,0.25221288,0.0,0,0.563
-1091131,264407,201204010545,1,2,21,6686,0.24770394,0.0,0,0.563
-1091264,264392,201204010545,1,2,21,6822,0.25622082,0.0,0,0.563
-1091396,264377,201204010545,1,2,21,6959,0.26480028,0.0,0,0.563
-1091528,264362,201204010545,1,2,21,6927,0.2627963,0.0,0,0.563
-1091660,264347,201204010545,1,2,21,6830,0.2567218,0.0,0,0.563
-1091791,264332,201204010545,1,2,21,6855,0.2582874,0.0,0,0.563
-1091923,264317,201204010545,1,2,21,6919,0.26229534,0.0,0,0.563
-1092054,264302,201204010545,1,2,21,6766,0.25271386,0.0,0,0.563
-1092185,264287,201204010545,1,2,21,7007,0.26780623,0.0,0,0.563
-1092316,264272,201204010545,1,2,21,7071,0.27181417,0.0,0,0.563
-1092446,264257,201204010545,1,2,21,8198,0.3423914,0.0,0,0.563
-1092577,264242,201204010545,1,2,21,8685,0.37288928,0.0,0,0.563
-1092707,264227,201204010545,1,2,21,8757,0.37739822,0.0,0,0.563
-1092837,264212,201204010545,1,2,21,8669,0.3718873,0.0,0,0.563
-1092966,264198,201204010545,1,2,21,8653,0.3708853,0.0,0,0.563
-1093096,264183,201204010545,1,2,21,8645,0.37038434,0.0,0,0.563
-1093225,264168,201204010545,1,2,21,8669,0.3718873,0.0,0,0.563
-1093354,264153,201204010545,1,2,21,8685,0.37288928,0.0,0,0.563
-1093483,264138,201204010545,1,2,21,8677,0.3723883,0.0,0,0.563
-1093612,264123,201204010545,1,2,21,8661,0.37138632,0.0,0,0.563
-1093740,264108,201204010545,1,2,21,8637,0.36988333,0.0,0,0.563
-1093868,264094,201204010545,1,2,21,8533,0.36337045,0.0,0,0.563
-1093996,264079,201204010545,1,2,21,8414,0.3559182,0.0,0,0.563
-1094124,264064,201204010545,1,2,21,8230,0.34439537,0.0,0,0.563
-1094251,264049,201204010545,1,2,21,8086,0.3353775,0.0,0,0.563
-1094378,264035,201204010545,1,2,21,8046,0.33287257,0.0,0,0.563
-1094505,264020,201204010545,1,2,21,8070,0.33437553,0.0,0,0.563
-1094632,264005,201204010545,1,2,21,8078,0.33487654,0.0,0,0.563
-1094759,263990,201204010545,1,2,21,8134,0.33838347,0.0,0,0.563
-1094885,263976,201204010545,1,2,21,8190,0.34189042,0.0,0,0.563
-1095012,263961,201204010545,1,2,21,8198,0.3423914,0.0,0,0.563
-1095138,263946,201204010545,1,2,21,8214,0.3433934,0.0,0,0.563
-1095263,263932,201204010545,1,2,21,8222,0.3438944,0.0,0,0.563
-1095389,263917,201204010545,1,2,21,8254,0.34589836,0.0,0,0.563
-1095514,263902,201204010545,1,2,21,8350,0.35191026,0.0,0,0.563
-1095640,263888,201204010545,1,2,21,8350,0.35191026,0.0,0,0.563
-1095765,263873,201204010545,1,2,21,8342,0.35140926,0.0,0,0.563
-1095889,263858,201204010545,1,2,21,8342,0.35140926,0.0,0,0.563
-1096014,263844,201204010545,1,2,21,8342,0.35140926,0.0,0,0.563
-1096138,263829,201204010545,1,2,21,8302,0.3489043,0.0,0,0.563
-1096263,263815,201204010545,1,2,21,8334,0.35090828,0.0,0,0.563
-1096387,263800,201204010545,1,2,21,8310,0.3494053,0.0,0,0.563
-1096510,263786,201204010545,1,2,21,8286,0.34790233,0.0,0,0.563
-1096634,263771,201204010545,1,2,21,8278,0.34740132,0.0,0,0.563
-1096757,263756,201204010545,1,2,21,8302,0.3489043,0.0,0,0.563
-1096881,263742,201204010545,1,2,21,8302,0.3489043,0.0,0,0.563
-1097004,263727,201204010545,1,2,21,8326,0.35040727,0.0,0,0.563
-1097126,263713,201204010545,1,2,21,8270,0.34690034,0.0,0,0.563
-1097249,263698,201204010545,1,2,21,8294,0.3484033,0.0,0,0.563
-1097371,263684,201204010545,1,2,21,8318,0.3499063,0.0,0,0.563
-1097494,263669,201204010545,1,2,21,8342,0.35140926,0.0,0,0.563
-1097616,263655,201204010545,1,2,21,8350,0.35191026,0.0,0,0.563
-1097738,263641,201204010545,1,2,21,8326,0.35040727,0.0,0,0.563
-1097859,263626,201204010545,1,2,21,8286,0.34790233,0.0,0,0.563
-1097981,263612,201204010545,1,2,21,8326,0.35040727,0.0,0,0.563
-1098102,263597,201204010545,1,2,21,8310,0.3494053,0.0,0,0.563
-1098224,263583,201204010545,1,2,21,8318,0.3499063,0.0,0,0.563
-1098344,263568,201204010545,1,2,21,8326,0.35040727,0.0,0,0.563
-1098465,263554,201204010545,1,2,21,8326,0.35040727,0.0,0,0.563
-1098586,263540,201204010545,1,2,21,8350,0.35191026,0.0,0,0.563
-1098706,263525,201204010545,1,2,21,8422,0.35641918,0.0,0,0.563
-1098827,263511,201204010545,1,2,21,8454,0.35842314,0.0,0,0.563
-1098947,263497,201204010545,1,2,21,8478,0.35992613,0.0,0,0.563
-1099067,263482,201204010545,1,2,21,8494,0.36092812,0.0,0,0.563
-1099186,263468,201204010545,1,2,21,8462,0.35892415,0.0,0,0.563
-1099306,263454,201204010545,1,2,21,8478,0.35992613,0.0,0,0.563
-1099425,263439,201204010545,1,2,21,8533,0.36337045,0.0,0,0.563
-1099545,263425,201204010545,1,2,21,8549,0.36437243,0.0,0,0.563
-1099664,263411,201204010545,1,2,21,8525,0.36286944,0.0,0,0.563
-1099783,263396,201204010545,1,2,21,8533,0.36337045,0.0,0,0.563
-1099901,263382,201204010545,1,2,21,8486,0.3604271,0.0,0,0.563
-1100020,263368,201204010545,1,2,21,8454,0.35842314,0.0,0,0.563
-1100138,263354,201204010545,1,2,21,8470,0.35942513,0.0,0,0.563
-1100256,263339,201204010545,1,2,21,8414,0.3559182,0.0,0,0.563
-1100374,263325,201204010545,1,2,21,8414,0.3559182,0.0,0,0.563
-1100492,263311,201204010545,1,2,21,8406,0.3554172,0.0,0,0.563
-1100610,263297,201204010545,1,2,21,8366,0.35291225,0.0,0,0.563
-1100728,263283,201204010545,1,2,21,8350,0.35191026,0.0,0,0.563
-1100845,263268,201204010545,1,2,21,8358,0.35241124,0.0,0,0.563
-1100962,263254,201204010545,1,2,21,8334,0.35090828,0.0,0,0.563
-1101079,263240,201204010545,1,2,21,8326,0.35040727,0.0,0,0.563
-1101196,263226,201204010545,1,2,21,8318,0.3499063,0.0,0,0.563
-1101313,263212,201204010545,1,2,21,8350,0.35191026,0.0,0,0.563
-1101430,263198,201204010545,1,2,21,8374,0.35341322,0.0,0,0.563
-1101546,263183,201204010545,1,2,21,8366,0.35291225,0.0,0,0.563
-1101663,263169,201204010545,1,2,21,8374,0.35341322,0.0,0,0.563
-1101779,263155,201204010545,1,2,21,8374,0.35341322,0.0,0,0.563
-1101895,263141,201204010545,1,2,21,8390,0.3544152,0.0,0,0.563
-1102011,263127,201204010545,1,2,21,8390,0.3544152,0.0,0,0.563
-1102126,263113,201204010545,1,2,21,8390,0.3544152,0.0,0,0.563
-1102242,263099,201204010545,1,2,21,8414,0.3559182,0.0,0,0.563
-1102357,263085,201204010545,1,2,21,8446,0.35792217,0.0,0,0.563
-1102473,263070,201204010545,1,2,21,8414,0.3559182,0.0,0,0.563
-1102588,263056,201204010545,1,2,21,8422,0.35641918,0.0,0,0.563
-1102703,263042,201204010545,1,2,21,8422,0.35641918,0.0,0,0.563
-1102817,263028,201204010545,1,2,21,8406,0.3554172,0.0,0,0.563
-1102932,263014,201204010545,1,2,21,8350,0.35191026,0.0,0,0.563
-1103047,263000,201204010545,1,2,21,8294,0.3484033,0.0,0,0.563
-1103161,262986,201204010545,1,2,21,8294,0.3484033,0.0,0,0.563
-1103275,262972,201204010545,1,2,21,8318,0.3499063,0.0,0,0.563
-1103389,262958,201204010545,1,2,21,8366,0.35291225,0.0,0,0.563
-1103503,262944,201204010545,1,2,21,8398,0.35491621,0.0,0,0.563
-1103617,262930,201204010545,1,2,21,8414,0.3559182,0.0,0,0.563
-1103731,262916,201204010545,1,2,21,8438,0.35742116,0.0,0,0.563
-1103844,262902,201204010545,1,2,21,8486,0.3604271,0.0,0,0.563
-1103958,262888,201204010545,1,2,21,8502,0.3614291,0.0,0,0.563
-1104071,262874,201204010545,1,2,21,8502,0.3614291,0.0,0,0.563
-1104184,262860,201204010545,1,2,21,8470,0.35942513,0.0,0,0.563
-1104297,262846,201204010545,1,2,21,8462,0.35892415,0.0,0,0.563
-1104410,262832,201204010545,1,2,21,8462,0.35892415,0.0,0,0.563
-1104523,262818,201204010545,1,2,21,8518,0.36243108,0.0,0,0.563
-1104636,262804,201204010545,1,2,21,8486,0.3604271,0.0,0,0.563
-1104748,262790,201204010545,1,2,21,8454,0.35842314,0.0,0,0.563
-1104860,262776,201204010545,1,2,21,8422,0.35641918,0.0,0,0.563
-1104973,262762,201204010545,1,2,21,8398,0.35491621,0.0,0,0.563
-1105085,262748,201204010545,1,2,21,8438,0.35742116,0.0,0,0.563
-1105197,262735,201204010545,1,2,21,8430,0.35692018,0.0,0,0.563
-1105308,262721,201204010545,1,2,21,8422,0.35641918,0.0,0,0.563
-1105420,262707,201204010545,1,2,21,8414,0.3559182,0.0,0,0.563
-1105532,262693,201204010545,1,2,21,8374,0.35341322,0.0,0,0.563
-1105643,262679,201204010545,1,2,21,8398,0.35491621,0.0,0,0.563
-1105755,262665,201204010545,1,2,21,8414,0.3559182,0.0,0,0.563
-1105866,262651,201204010545,1,2,21,8486,0.3604271,0.0,0,0.563
-1105977,262637,201204010545,1,2,21,8510,0.3619301,0.0,0,0.563
-1106088,262623,201204010545,1,2,21,8518,0.36243108,0.0,0,0.563
-1106199,262610,201204010545,1,2,21,8526,0.3629321,0.0,0,0.563
-1106309,262596,201204010545,1,2,21,8494,0.36092812,0.0,0,0.563
-1106420,262582,201204010545,1,2,21,8502,0.3614291,0.0,0,0.563
-1106531,262568,201204010545,1,2,21,8526,0.3629321,0.0,0,0.563
-1106641,262554,201204010545,1,2,21,8518,0.36243108,0.0,0,0.563
-1106751,262540,201204010545,1,2,21,8598,0.367441,0.0,0,0.563
-1106861,262526,201204010545,1,2,21,8606,0.367942,0.0,0,0.563
-1106971,262513,201204010545,1,2,21,8590,0.36694002,0.0,0,0.563
-1107081,262499,201204010545,1,2,21,8486,0.3604271,0.0,0,0.563
-1107191,262485,201204010545,1,2,21,8374,0.35341322,0.0,0,0.563
-1107301,262471,201204010545,1,2,21,8446,0.35792217,0.0,0,0.563
-1107410,262457,201204010545,1,2,21,8542,0.36393407,0.0,0,0.563
-1107520,262444,201204010545,1,2,21,8526,0.3629321,0.0,0,0.563
-1107629,262430,201204010545,1,2,21,8510,0.3619301,0.0,0,0.563
-1107738,262416,201204010545,1,2,21,8526,0.3629321,0.0,0,0.563
-1107848,262402,201204010545,1,2,21,8486,0.3604271,0.0,0,0.563
-1107957,262388,201204010545,1,2,21,8478,0.35992613,0.0,0,0.563
-1108066,262375,201204010545,1,2,21,8486,0.3604271,0.0,0,0.563
-1108174,262361,201204010545,1,2,21,8502,0.3614291,0.0,0,0.563
-1108283,262347,201204010545,1,2,21,8574,0.36593804,0.0,0,0.563
-1108392,262333,201204010545,1,2,21,8582,0.366439,0.0,0,0.563
-1108500,262319,201204010545,1,2,21,8598,0.367441,0.0,0,0.563
-1108608,262306,201204010545,1,2,21,8598,0.367441,0.0,0,0.563
-1108717,262292,201204010545,1,2,21,8566,0.36543703,0.0,0,0.563
-1108825,262278,201204010545,1,2,21,8566,0.36543703,0.0,0,0.563
-1108933,262264,201204010545,1,2,21,8470,0.35942513,0.0,0,0.563
-1109041,262251,201204010545,1,2,21,8550,0.36443505,0.0,0,0.563
-1109149,262237,201204010545,1,2,21,8550,0.36443505,0.0,0,0.563
-1109257,262223,201204010545,1,2,21,8518,0.36243108,0.0,0,0.563
-1109364,262209,201204010545,1,2,21,8566,0.36543703,0.0,0,0.563
-1109472,262196,201204010545,1,2,21,8494,0.36092812,0.0,0,0.563
-1109579,262182,201204010545,1,2,21,8478,0.35992613,0.0,0,0.563
-1109687,262168,201204010545,1,2,21,8510,0.3619301,0.0,0,0.563
-1109794,262155,201204010545,1,2,21,8510,0.3619301,0.0,0,0.563
-1109901,262141,201204010545,1,2,21,8446,0.35792217,0.0,0,0.563
-1110008,262127,201204010545,1,2,21,8406,0.3554172,0.0,0,0.563
-1110115,262113,201204010545,1,2,21,8454,0.35842314,0.0,0,0.563
-1110222,262100,201204010545,1,2,21,8494,0.36092812,0.0,0,0.563
-1110329,262086,201204010545,1,2,21,8550,0.36443505,0.0,0,0.563
-1110435,262072,201204010545,1,2,21,8518,0.36243108,0.0,0,0.563
-1110542,262059,201204010545,1,2,21,8502,0.3614291,0.0,0,0.563
-1110649,262045,201204010545,1,2,21,8502,0.3614291,0.0,0,0.563
-1110755,262031,201204010545,1,2,21,8446,0.35792217,0.0,0,0.563
-1110861,262017,201204010545,1,2,21,8382,0.35391423,0.0,0,0.563
-1110967,262004,201204010545,1,2,21,8334,0.35090828,0.0,0,0.563
-1111074,261990,201204010545,1,2,21,8334,0.35090828,0.0,0,0.563
-1111180,261976,201204010545,1,2,21,8374,0.35341322,0.0,0,0.563
-1111286,261963,201204010545,1,2,21,8406,0.3554172,0.0,0,0.563
-1111392,261949,201204010545,1,2,21,8398,0.35491621,0.0,0,0.563
-1111497,261935,201204010545,1,2,21,8454,0.35842314,0.0,0,0.563
-1111603,261922,201204010545,1,2,21,8478,0.35992613,0.0,0,0.563
-1111709,261908,201204010545,1,2,21,8454,0.35842314,0.0,0,0.563
-1111814,261894,201204010545,1,2,21,8438,0.35742116,0.0,0,0.563
-1111920,261881,201204010545,1,2,21,8406,0.3554172,0.0,0,0.563
-1112025,261867,201204010545,1,2,21,8446,0.35792217,0.0,0,0.563
-1112130,261853,201204010545,1,2,21,8462,0.35892415,0.0,0,0.563
-1112235,261840,201204010545,1,2,21,8502,0.3614291,0.0,0,0.563
-1112340,261826,201204010545,1,2,21,8598,0.367441,0.0,0,0.563
-1112446,261812,201204010545,1,2,21,8598,0.367441,0.0,0,0.563
-1112551,261799,201204010545,1,2,21,8510,0.3619301,0.0,0,0.563
-1112655,261785,201204010545,1,2,21,8462,0.35892415,0.0,0,0.563
-1112760,261771,201204010545,1,2,21,8430,0.35692018,0.0,0,0.563
-1112865,261758,201204010545,1,2,21,8430,0.35692018,0.0,0,0.563
-1112969,261744,201204010545,1,2,21,8438,0.35742116,0.0,0,0.563
-1113074,261730,201204010545,1,2,21,8478,0.35992613,0.0,0,0.563
-1113178,261717,201204010545,1,2,21,8478,0.35992613,0.0,0,0.563
-1113283,261703,201204010545,1,2,21,8454,0.35842314,0.0,0,0.563
-1113387,261690,201204010545,1,2,21,8390,0.3544152,0.0,0,0.563
-1113491,261676,201204010545,1,2,21,8430,0.35692018,0.0,0,0.563
-1113597,261662,201204010545,1,2,21,8494,0.36092812,0.0,0,0.563
-1113705,261648,201204010545,1,2,21,8678,0.37245092,0.0,0,0.563
-1113809,261634,201204010545,1,2,21,8933,0.38842005,0.0,0,0.563
-1113911,261621,201204010545,1,2,21,8622,0.368944,0.0,0,0.563
-1114014,261607,201204010545,1,2,21,8311,0.34946793,0.0,0,0.563
-1114118,261594,201204010545,1,2,21,8111,0.33694312,0.0,0,0.563
-1114221,261580,201204010545,1,2,21,8095,0.33594114,0.0,0,0.563
-1114325,261567,201204010545,1,2,21,7815,0.31840643,0.0,0,0.563
-1114428,261553,201204010545,1,2,21,7799,0.31740445,0.0,0,0.563
-1114532,261539,201204010545,1,2,21,7807,0.31790543,0.0,0,0.563
-1114635,261526,201204010545,1,2,21,7919,0.3249193,0.0,0,0.563
-1114739,261512,201204010545,1,2,21,8055,0.3334362,0.0,0,0.563
-1114842,261498,201204010545,1,2,21,8111,0.33694312,0.0,0,0.563
-1114946,261485,201204010545,1,2,21,8095,0.33594114,0.0,0,0.563
-1115050,261471,201204010545,1,2,21,8263,0.34646198,0.0,0,0.563
-1115153,261457,201204010545,1,2,21,8239,0.344959,0.0,0,0.563
-1115257,261444,201204010545,1,2,21,8207,0.34295502,0.0,0,0.563
-1115360,261430,201204010545,1,2,21,8183,0.34145206,0.0,0,0.563
-1115463,261416,201204010545,1,2,21,8175,0.34095106,0.0,0,0.563
-1115566,261403,201204010545,1,2,21,8351,0.35197288,0.0,0,0.563
-1115670,261389,201204010545,1,2,21,8582,0.366439,0.0,0,0.563
-1115775,261375,201204010545,1,2,21,8638,0.36994597,0.0,0,0.563
-1115880,261361,201204010545,1,2,21,8566,0.36543703,0.0,0,0.563
-1115984,261347,201204010545,1,2,21,8391,0.35447785,0.0,0,0.563
-1116086,261334,201204010545,1,2,21,8327,0.35046992,0.0,0,0.563
-1116187,261320,201204010545,1,2,21,8143,0.3389471,0.0,0,0.563
-1116290,261307,201204010545,1,2,21,8031,0.3319332,0.0,0,0.563
-1116392,261293,201204010545,1,2,21,7967,0.32792526,0.0,0,0.563
-1116493,261280,201204010545,1,2,21,7776,0.3159641,0.0,0,0.563
-1116595,261266,201204010545,1,2,21,7760,0.31496212,0.0,0,0.563
-1116697,261252,201204010545,1,2,21,7704,0.31145516,0.0,0,0.563
-1116800,261239,201204010545,1,2,21,7776,0.3159641,0.0,0,0.563
-1116902,261225,201204010545,1,2,21,7847,0.3204104,0.0,0,0.563
-1117002,261212,201204010545,1,2,21,6967,0.2653013,0.0,0,0.563
-1117106,261198,201204010545,1,2,21,7384,0.29141548,0.0,0,0.563
-1117209,261184,201204010545,1,2,21,7840,0.31997204,0.0,0,0.563
-1117309,261171,201204010545,1,2,21,8071,0.33443817,0.0,0,0.563
-1117409,261157,201204010545,1,2,21,7975,0.32842627,0.0,0,0.563
-1117512,261143,201204010545,1,2,21,8039,0.3324342,0.0,0,0.563
-1117614,261130,201204010545,1,2,21,7624,0.30644524,0.0,0,0.563
-1117715,261116,201204010545,1,2,21,7696,0.31095418,0.0,0,0.563
-1117816,261102,201204010545,1,2,21,7408,0.29291847,0.0,0,0.563
-1117918,261089,201204010545,1,2,21,7456,0.29592443,0.0,0,0.563
-1118019,261075,201204010545,1,2,21,7504,0.29893038,0.0,0,0.563
-1118121,261062,201204010545,1,2,21,7528,0.30043334,0.0,0,0.563
-1118222,261048,201204010545,1,2,21,7528,0.30043334,0.0,0,0.563
-1118323,261034,201204010545,1,2,21,7416,0.29341945,0.0,0,0.563
-1118424,261021,201204010545,1,2,21,7232,0.28189665,0.0,0,0.563
-1118526,261007,201204010545,1,2,21,7127,0.27532113,0.0,0,0.563
-1118628,260993,201204010545,1,2,21,7047,0.2703112,0.0,0,0.563
-1118729,260980,201204010545,1,2,21,7079,0.27231517,0.0,0,0.563
-1118829,260966,201204010545,1,2,21,7079,0.27231517,0.0,0,0.563
-1118930,260952,201204010545,1,2,21,7432,0.29442143,0.0,0,0.563
-1119029,260939,201204010545,1,2,21,7496,0.29842937,0.0,0,0.563
-1119129,260925,201204010545,1,2,21,7183,0.27882805,0.0,0,0.563
-1119230,260912,201204010545,1,2,21,7336,0.28840953,0.0,0,0.563
-1119331,260898,201204010545,1,2,21,7175,0.27832708,0.0,0,0.563
-1119432,260884,201204010545,1,2,21,6927,0.2627963,0.0,0,0.563
-1119532,260871,201204010545,1,2,21,7143,0.2763231,0.0,0,0.563
-1119632,260857,201204010545,1,2,21,7272,0.2844016,0.0,0,0.563
-1119732,260844,201204010545,1,2,21,7424,0.29392046,0.0,0,0.563
-1119832,260830,201204010545,1,2,21,7304,0.28640556,0.0,0,0.563
-1119932,260816,201204010545,1,2,21,7143,0.2763231,0.0,0,0.563
-1120032,260803,201204010545,1,2,21,7127,0.27532113,0.0,0,0.563
-1120132,260789,201204010545,1,2,21,7192,0.27939168,0.0,0,0.563
-1120232,260775,201204010545,1,2,21,7087,0.27281615,0.0,0,0.563
-1120332,260762,201204010545,1,2,21,6935,0.26329732,0.0,0,0.563
-1120432,260748,201204010545,1,2,21,6903,0.26129335,0.0,0,0.563
-1120532,260734,201204010545,1,2,21,6815,0.25578243,0.0,0,0.563
-1120632,260721,201204010545,1,2,21,6671,0.24676459,0.0,0,0.563
-1120732,260707,201204010545,1,2,21,6558,0.23968807,0.0,0,0.563
-1120833,260693,201204010545,1,2,21,6783,0.25377846,0.0,0,0.563
-1120933,260680,201204010545,1,2,21,6799,0.25478044,0.0,0,0.563
-1121032,260666,201204010545,1,2,21,6494,0.23568013,0.0,0,0.563
-1121132,260652,201204010545,1,2,21,6253,0.22058776,0.0,0,0.563
-1121232,260639,201204010545,1,2,21,6165,0.21507685,0.0,0,0.563
-1121332,260625,201204010545,1,2,21,6382,0.22866626,0.0,0,0.563
-1121433,260611,201204010545,1,2,21,6558,0.23968807,0.0,0,0.563
-1121532,260597,201204010545,1,2,21,6679,0.24726558,0.0,0,0.563
-1121632,260584,201204010545,1,2,21,6494,0.23568013,0.0,0,0.563
-1121732,260570,201204010545,1,2,21,6502,0.23618113,0.0,0,0.563
-1121831,260556,201204010545,1,2,21,6598,0.24219303,0.0,0,0.563
-1121931,260542,201204010545,1,2,21,6566,0.24018906,0.0,0,0.563
-1122031,260529,201204010545,1,2,21,6422,0.2311712,0.0,0,0.563
-1122131,260515,201204010545,1,2,21,6438,0.23217319,0.0,0,0.563
-1122230,260501,201204010545,1,2,21,6526,0.2376841,0.0,0,0.563
-1122330,260488,201204010545,1,2,21,6398,0.22966823,0.0,0,0.563
-1122429,260474,201204010545,1,2,21,6334,0.22566031,0.0,0,0.563
-1122529,260460,201204010545,1,2,21,7063,0.2713132,0.0,0,0.563
-1122628,260446,201204010545,1,2,21,7480,0.2974274,0.0,0,0.563
-1122728,260432,201204010545,1,2,21,7408,0.29291847,0.0,0,0.563
-1122827,260419,201204010545,1,2,21,7384,0.29141548,0.0,0,0.563
-1122927,260405,201204010545,1,2,21,7392,0.2919165,0.0,0,0.563
-1123026,260391,201204010545,1,2,21,7400,0.29241747,0.0,0,0.563
-1123126,260377,201204010545,1,2,21,7360,0.28991252,0.0,0,0.563
-1123225,260364,201204010545,1,2,21,7368,0.2904135,0.0,0,0.563
-1123325,260350,201204010545,1,2,21,7392,0.2919165,0.0,0,0.563
-1123424,260336,201204010545,1,2,21,7368,0.2904135,0.0,0,0.563
-1123523,260322,201204010545,1,2,21,7376,0.2909145,0.0,0,0.563
-1123623,260308,201204010545,1,2,21,7392,0.2919165,0.0,0,0.563
-1123722,260295,201204010545,1,2,21,7424,0.29392046,0.0,0,0.563
-1123821,260281,201204010545,1,2,21,7440,0.29492244,0.0,0,0.563
-1123920,260267,201204010545,1,2,21,7456,0.29592443,0.0,0,0.563
-1124019,260253,201204010545,1,2,21,7496,0.29842937,0.0,0,0.563
-1124119,260239,201204010545,1,2,21,7520,0.29993236,0.0,0,0.563
-1124218,260225,201204010545,1,2,21,7544,0.30143532,0.0,0,0.563
-1124317,260212,201204010545,1,2,21,7568,0.3029383,0.0,0,0.563
-1124416,260198,201204010545,1,2,21,7568,0.3029383,0.0,0,0.563
-1124515,260184,201204010545,1,2,21,7560,0.3024373,0.0,0,0.563
-1124614,260170,201204010545,1,2,21,7560,0.3024373,0.0,0,0.563
-1124713,260156,201204010545,1,2,21,7552,0.30193633,0.0,0,0.563
-1124812,260142,201204010545,1,2,21,7528,0.30043334,0.0,0,0.563
-1124911,260128,201204010545,1,2,21,7496,0.29842937,0.0,0,0.563
-1125010,260115,201204010545,1,2,21,7472,0.2969264,0.0,0,0.563
-1125109,260101,201204010545,1,2,21,7424,0.29392046,0.0,0,0.563
-1125208,260087,201204010545,1,2,21,7424,0.29392046,0.0,0,0.563
-1125307,260073,201204010545,1,2,21,7416,0.29341945,0.0,0,0.563
-1125406,260059,201204010545,1,2,21,7432,0.29442143,0.0,0,0.563
-1125505,260045,201204010545,1,2,21,7432,0.29442143,0.0,0,0.563
-1125604,260031,201204010545,1,2,21,7456,0.29592443,0.0,0,0.563
-1125703,260017,201204010545,1,2,21,7448,0.29542342,0.0,0,0.563
-1125802,260003,201204010545,1,2,21,7432,0.29442143,0.0,0,0.563
-1125901,259989,201204010545,1,2,21,7448,0.29542342,0.0,0,0.563
-1126000,259976,201204010545,1,2,21,7440,0.29492244,0.0,0,0.563
-1126098,259962,201204010545,1,2,21,7440,0.29492244,0.0,0,0.563
-1126197,259948,201204010545,1,2,21,7432,0.29442143,0.0,0,0.563
-1126296,259934,201204010545,1,2,21,7440,0.29492244,0.0,0,0.563
-1126395,259920,201204010545,1,2,21,7448,0.29542342,0.0,0,0.563
-1126494,259906,201204010545,1,2,21,7440,0.29492244,0.0,0,0.563
-1126592,259892,201204010545,1,2,21,7440,0.29492244,0.0,0,0.563
-1126691,259878,201204010545,1,2,21,7440,0.29492244,0.0,0,0.563
-1126790,259864,201204010545,1,2,21,7416,0.29341945,0.0,0,0.563
-1126889,259850,201204010545,1,2,21,7400,0.29241747,0.0,0,0.563
-1126987,259836,201204010545,1,2,21,7400,0.29241747,0.0,0,0.563
-1127086,259822,201204010545,1,2,21,7400,0.29241747,0.0,0,0.563
-1127185,259808,201204010545,1,2,21,7376,0.2909145,0.0,0,0.563
-1127283,259794,201204010545,1,2,21,7368,0.2904135,0.0,0,0.563
-1127382,259780,201204010545,1,2,21,7376,0.2909145,0.0,0,0.563
-1127481,259766,201204010545,1,2,21,7368,0.2904135,0.0,0,0.563
-1127580,259752,201204010545,1,2,21,7368,0.2904135,0.0,0,0.563
-1127678,259738,201204010545,1,2,21,7376,0.2909145,0.0,0,0.563
-1127777,259724,201204010545,1,2,21,7376,0.2909145,0.0,0,0.563
-1127876,259710,201204010545,1,2,21,7368,0.2904135,0.0,0,0.563
-1127974,259695,201204010545,1,2,21,7368,0.2904135,0.0,0,0.563
-1128073,259681,201204010545,1,2,21,7384,0.29141548,0.0,0,0.563
-1128172,259667,201204010545,1,2,21,7368,0.2904135,0.0,0,0.563
-1128270,259653,201204010545,1,2,21,7360,0.28991252,0.0,0,0.563
-1128369,259639,201204010545,1,2,21,7368,0.2904135,0.0,0,0.563
-1128468,259625,201204010545,1,2,21,7352,0.28941151,0.0,0,0.563
-1128566,259611,201204010545,1,2,21,7312,0.28690657,0.0,0,0.563
-1128665,259597,201204010545,1,2,21,7272,0.2844016,0.0,0,0.563
-1128764,259583,201204010545,1,2,21,7216,0.28089467,0.0,0,0.563
-1128862,259568,201204010545,1,2,21,7184,0.2788907,0.0,0,0.563
-1128961,259554,201204010545,1,2,21,7184,0.2788907,0.0,0,0.563
-1129060,259540,201204010545,1,2,21,7200,0.27989268,0.0,0,0.563
-1129158,259526,201204010545,1,2,21,7192,0.27939168,0.0,0,0.563
-1129257,259512,201204010545,1,2,21,7216,0.28089467,0.0,0,0.563
-1129355,259498,201204010545,1,2,21,7240,0.28239763,0.0,0,0.563
-1129454,259483,201204010545,1,2,21,7224,0.28139564,0.0,0,0.563
-1129553,259469,201204010545,1,2,21,7224,0.28139564,0.0,0,0.563
-1129652,259455,201204010545,1,2,21,7216,0.28089467,0.0,0,0.563
-1129750,259441,201204010545,1,2,21,7224,0.28139564,0.0,0,0.563
-1129849,259427,201204010545,1,2,21,7256,0.2833996,0.0,0,0.563
-1129948,259412,201204010545,1,2,21,7272,0.2844016,0.0,0,0.563
-1130046,259398,201204010545,1,2,21,7272,0.2844016,0.0,0,0.563
-1130145,259384,201204010545,1,2,21,7288,0.28540358,0.0,0,0.563
-1130244,259370,201204010545,1,2,21,7296,0.2859046,0.0,0,0.563
-1130342,259355,201204010545,1,2,21,7288,0.28540358,0.0,0,0.563
-1130441,259341,201204010545,1,2,21,7272,0.2844016,0.0,0,0.563
-1130540,259327,201204010545,1,2,21,7272,0.2844016,0.0,0,0.563
-1130638,259313,201204010545,1,2,21,7288,0.28540358,0.0,0,0.563
-1130737,259298,201204010545,1,2,21,7280,0.2849026,0.0,0,0.563
-1130836,259284,201204010545,1,2,21,7296,0.2859046,0.0,0,0.563
-1130935,259270,201204010545,1,2,21,7288,0.28540358,0.0,0,0.563
-1131033,259255,201204010545,1,2,21,7304,0.28640556,0.0,0,0.563
-1131132,259241,201204010545,1,2,21,7304,0.28640556,0.0,0,0.563
-1131231,259227,201204010545,1,2,21,7296,0.2859046,0.0,0,0.563
-1131330,259212,201204010545,1,2,21,7320,0.28740755,0.0,0,0.563
-1131429,259198,201204010545,1,2,21,7304,0.28640556,0.0,0,0.563
-1131527,259184,201204010545,1,2,21,7296,0.2859046,0.0,0,0.563
-1131626,259169,201204010545,1,2,21,7344,0.28891054,0.0,0,0.563
-1131725,259155,201204010545,1,2,21,7344,0.28891054,0.0,0,0.563
-1131824,259140,201204010545,1,2,21,7384,0.29141548,0.0,0,0.563
-1131923,259126,201204010545,1,2,21,7392,0.2919165,0.0,0,0.563
-1132022,259111,201204010545,1,2,21,7392,0.2919165,0.0,0,0.563
-1132121,259097,201204010545,1,2,21,7416,0.29341945,0.0,0,0.563
-1132220,259083,201204010545,1,2,21,7400,0.29241747,0.0,0,0.563
-1132319,259068,201204010545,1,2,21,7400,0.29241747,0.0,0,0.563
-1132417,259054,201204010545,1,2,21,7408,0.29291847,0.0,0,0.563
-1132516,259039,201204010545,1,2,21,7384,0.29141548,0.0,0,0.563
-1132615,259025,201204010545,1,2,21,7400,0.29241747,0.0,0,0.563
-1132714,259010,201204010545,1,2,21,7384,0.29141548,0.0,0,0.563
-1132814,258996,201204010545,1,2,21,7352,0.28941151,0.0,0,0.563
-1132913,258981,201204010545,1,2,21,7328,0.28790855,0.0,0,0.563
-1133012,258967,201204010545,1,2,21,7296,0.2859046,0.0,0,0.563
-1133111,258952,201204010545,1,2,21,7240,0.28239763,0.0,0,0.563
-1133210,258938,201204010545,1,2,21,7216,0.28089467,0.0,0,0.563
-1133309,258923,201204010545,1,2,21,7216,0.28089467,0.0,0,0.563
-1133408,258908,201204010545,1,2,21,7200,0.27989268,0.0,0,0.563
-1133507,258894,201204010545,1,2,21,7200,0.27989268,0.0,0,0.563
-1133606,258879,201204010545,1,2,21,7176,0.2783897,0.0,0,0.563
-1133706,258865,201204010545,1,2,21,7032,0.26937184,0.0,0,0.563
-1133805,258850,201204010545,1,2,21,6783,0.25377846,0.0,0,0.563
-1133904,258835,201204010545,1,2,21,6671,0.24676459,0.0,0,0.563
-1134003,258821,201204010545,1,2,21,6679,0.24726558,0.0,0,0.563
-1134103,258806,201204010545,1,2,21,6791,0.25427946,0.0,0,0.563
-1134202,258791,201204010545,1,2,21,6944,0.26386094,0.0,0,0.563
-1134301,258777,201204010545,1,2,21,7008,0.26786888,0.0,0,0.563
-1134401,258762,201204010545,1,2,21,7040,0.26987284,0.0,0,0.563
-1134500,258747,201204010545,1,2,21,7128,0.27538374,0.0,0,0.563
-1134600,258732,201204010545,1,2,21,6960,0.26486292,0.0,0,0.563
-1134699,258718,201204010545,1,2,21,7048,0.27037382,0.0,0,0.563
-1134799,258703,201204010545,1,2,21,6944,0.26386094,0.0,0,0.563
-1134898,258688,201204010545,1,2,21,6663,0.2462636,0.0,0,0.563
-1134998,258673,201204010545,1,2,21,6663,0.2462636,0.0,0,0.563
-1135097,258659,201204010545,1,2,21,6848,0.25784904,0.0,0,0.563
-1135197,258644,201204010545,1,2,21,6791,0.25427946,0.0,0,0.563
-1135297,258629,201204010545,1,2,21,6872,0.259352,0.0,0,0.563
-1135396,258614,201204010545,1,2,21,7008,0.26786888,0.0,0,0.563
-1135496,258599,201204010545,1,2,21,7096,0.27337977,0.0,0,0.563
-1135596,258585,201204010545,1,2,21,7000,0.26736787,0.0,0,0.563
-1135696,258570,201204010545,1,2,21,7064,0.2713758,0.0,0,0.563
-1135795,258555,201204010545,1,2,21,7144,0.27638572,0.0,0,0.563
-1135895,258540,201204010545,1,2,21,7128,0.27538374,0.0,0,0.563
-1135995,258525,201204010545,1,2,21,7160,0.2773877,0.0,0,0.563
-1136095,258510,201204010545,1,2,21,7128,0.27538374,0.0,0,0.563
-1136195,258495,201204010545,1,2,21,7152,0.27688673,0.0,0,0.563
-1136295,258480,201204010545,1,2,21,7176,0.2783897,0.0,0,0.563
-1136395,258465,201204010545,1,2,21,7128,0.27538374,0.0,0,0.563
-1136495,258450,201204010545,1,2,21,7152,0.27688673,0.0,0,0.563
-1136595,258435,201204010545,1,2,21,6904,0.26135597,0.0,0,0.563
-1136695,258420,201204010545,1,2,21,7000,0.26736787,0.0,0,0.563
-1136796,258405,201204010545,1,2,21,6960,0.26486292,0.0,0,0.563
-1136896,258390,201204010545,1,2,21,6832,0.25684705,0.0,0,0.563
-1136996,258375,201204010545,1,2,21,6944,0.26386094,0.0,0,0.563
-1137096,258360,201204010545,1,2,21,6904,0.26135597,0.0,0,0.563
-1137197,258345,201204010545,1,2,21,7056,0.27087483,0.0,0,0.563
-1137297,258330,201204010545,1,2,21,7152,0.27688673,0.0,0,0.563
-1137397,258315,201204010545,1,2,21,6952,0.26436192,0.0,0,0.563
-1137498,258300,201204010545,1,2,21,7136,0.27588475,0.0,0,0.563
-1137598,258285,201204010545,1,2,21,7040,0.26987284,0.0,0,0.563
-1137699,258270,201204010545,1,2,21,6984,0.2663659,0.0,0,0.563
-1137800,258254,201204010545,1,2,21,6848,0.25784904,0.0,0,0.563
-1137900,258239,201204010545,1,2,21,7016,0.26836985,0.0,0,0.563
-1138001,258224,201204010545,1,2,21,6719,0.24977054,0.0,0,0.563
-1138102,258209,201204010545,1,2,21,6856,0.25835,0.0,0,0.563
-1138202,258194,201204010545,1,2,21,7072,0.2718768,0.0,0,0.563
-1138303,258178,201204010545,1,2,21,7072,0.2718768,0.0,0,0.563
-1138404,258163,201204010545,1,2,21,7104,0.27388078,0.0,0,0.563
-1138505,258148,201204010545,1,2,21,7112,0.27438176,0.0,0,0.563
-1138606,258133,201204010545,1,2,21,7192,0.27939168,0.0,0,0.563
-1138707,258117,201204010545,1,2,21,7112,0.27438176,0.0,0,0.563
-1138808,258102,201204010545,1,2,21,7048,0.27037382,0.0,0,0.563
-1138909,258087,201204010545,1,2,21,7024,0.26887086,0.0,0,0.563
-1139010,258071,201204010545,1,2,21,7176,0.2783897,0.0,0,0.563
-1139111,258056,201204010545,1,2,21,7016,0.26836985,0.0,0,0.563
-1139213,258041,201204010545,1,2,21,6920,0.26235795,0.0,0,0.563
-1139314,258025,201204010545,1,2,21,6671,0.24676459,0.0,0,0.563
-1139415,258010,201204010545,1,2,21,6422,0.2311712,0.0,0,0.563
-1139517,257994,201204010545,1,2,21,6880,0.259853,0.0,0,0.563
-1139618,257979,201204010545,1,2,21,6414,0.23067021,0.0,0,0.563
-1139720,257964,201204010545,1,2,21,6398,0.22966823,0.0,0,0.563
-1139821,257948,201204010545,1,2,21,6446,0.23267418,0.0,0,0.563
-1139923,257933,201204010545,1,2,21,6406,0.23016922,0.0,0,0.563
-1140024,257917,201204010545,1,2,21,6342,0.2261613,0.0,0,0.563
-1140126,257902,201204010545,1,2,21,6238,0.2196484,0.0,0,0.563
-1140228,257886,201204010545,1,2,21,6206,0.21764444,0.0,0,0.563
-1140330,257870,201204010545,1,2,21,6318,0.22465833,0.0,0,0.563
-1140432,257855,201204010545,1,2,21,6479,0.23474078,0.0,0,0.563
-1140534,257839,201204010545,1,2,21,6214,0.21814543,0.0,0,0.563
-1140636,257824,201204010545,1,2,21,6101,0.21106891,0.0,0,0.563
-1140738,257808,201204010545,1,2,21,6366,0.22766428,0.0,0,0.563
-1140840,257792,201204010545,1,2,21,6021,0.206059,0.0,0,0.563
-1140942,257777,201204010545,1,2,21,6254,0.22065039,0.0,0,0.563
-1141044,257761,201204010545,1,2,21,6198,0.21714345,0.0,0,0.563
-1141147,257745,201204010545,1,2,21,6149,0.21407486,0.0,0,0.563
-1141249,257730,201204010545,1,2,21,6479,0.23474078,0.0,0,0.563
-1141351,257714,201204010545,1,2,21,6976,0.2658649,0.0,0,0.563
-1141454,257698,201204010545,1,2,21,6133,0.21307288,0.0,0,0.563
-1141556,257682,201204010545,1,2,21,6189,0.21657982,0.0,0,0.563
-1141659,257667,201204010545,1,2,21,6880,0.259853,0.0,0,0.563
-1141762,257651,201204010545,1,2,21,7217,0.28095728,0.0,0,0.563
-1141864,257635,201204010545,1,2,21,6414,0.23067021,0.0,0,0.563
-1141967,257619,201204010545,1,2,21,6149,0.21407486,0.0,0,0.563
-1142070,257603,201204010545,1,2,21,6487,0.23524177,0.0,0,0.563
-1142173,257587,201204010545,1,2,21,7032,0.26937184,0.0,0,0.563
-1142276,257571,201204010545,1,2,21,6952,0.26436192,0.0,0,0.563
-1142379,257556,201204010545,1,2,21,6278,0.22215337,0.0,0,0.563
-1142482,257540,201204010545,1,2,21,6021,0.206059,0.0,0,0.563
-1142586,257524,201204010545,1,2,21,6350,0.2266623,0.0,0,0.563
-1142689,257508,201204010545,1,2,21,6631,0.24425963,0.0,0,0.563
-1142792,257492,201204010545,1,2,21,6198,0.21714345,0.0,0,0.563
-1142896,257476,201204010545,1,2,21,6270,0.22165237,0.0,0,0.563
-1142999,257460,201204010545,1,2,21,6061,0.20856395,0.0,0,0.563
-1143103,257444,201204010545,1,2,21,6141,0.21357387,0.0,0,0.563
-1143206,257427,201204010545,1,2,21,6382,0.22866626,0.0,0,0.563
-1143310,257411,201204010545,1,2,21,6872,0.259352,0.0,0,0.563
-1143414,257395,201204010545,1,2,21,6744,0.25133613,0.0,0,0.563
-1143518,257379,201204010545,1,2,21,6992,0.2668669,0.0,0,0.563
-1143622,257363,201204010545,1,2,21,6423,0.23123384,0.0,0,0.563
-1143726,257347,201204010545,1,2,21,6872,0.259352,0.0,0,0.563
-1143830,257331,201204010545,1,2,21,6663,0.2462636,0.0,0,0.563
-1143934,257314,201204010545,1,2,21,6976,0.2658649,0.0,0,0.563
-1144038,257298,201204010545,1,2,21,6390,0.22916724,0.0,0,0.563
-1144142,257282,201204010545,1,2,21,6864,0.25885102,0.0,0,0.563
-1144247,257265,201204010545,1,2,21,7361,0.28997514,0.0,0,0.563
-1144351,257249,201204010545,1,2,21,7329,0.28797117,0.0,0,0.563
-1144456,257233,201204010545,1,2,21,6960,0.26486292,0.0,0,0.563
-1144560,257217,201204010545,1,2,21,6864,0.25885102,0.0,0,0.563
-1144665,257200,201204010545,1,2,21,6077,0.20956594,0.0,0,0.563
-1144770,257184,201204010545,1,2,21,6053,0.20806296,0.0,0,0.563
-1144875,257167,201204010545,1,2,21,6495,0.23574276,0.0,0,0.563
-1144979,257151,201204010545,1,2,21,7041,0.26993546,0.0,0,0.563
-1145085,257134,201204010545,1,2,21,7321,0.28747016,0.0,0,0.563
-1145190,257118,201204010545,1,2,21,6752,0.25183713,0.0,0,0.563
-1145295,257101,201204010545,1,2,21,6053,0.20806296,0.0,0,0.563
-1145400,257085,201204010545,1,2,21,6463,0.2337388,0.0,0,0.563
-1145505,257068,201204010545,1,2,21,6342,0.2261613,0.0,0,0.563
-1145611,257052,201204010545,1,2,21,6310,0.22415733,0.0,0,0.563
-1145716,257035,201204010545,1,2,21,7089,0.2729414,0.0,0,0.563
-1145822,257019,201204010545,1,2,21,7377,0.29097712,0.0,0,0.563
-1145928,257002,201204010545,1,2,21,7313,0.28696918,0.0,0,0.563
-1146033,256985,201204010545,1,2,21,7249,0.28296125,0.0,0,0.563
-1146139,256969,201204010545,1,2,21,6920,0.26235795,0.0,0,0.563
-1146245,256952,201204010545,1,2,21,6294,0.22315535,0.0,0,0.563
-1146351,256935,201204010545,1,2,21,6093,0.21056792,0.0,0,0.563
-1146458,256918,201204010545,1,2,21,5981,0.20355403,0.0,0,0.563
-1146564,256902,201204010545,1,2,21,6455,0.2332378,0.0,0,0.563
-1146670,256885,201204010545,1,2,21,6519,0.23724574,0.0,0,0.563
-1146777,256868,201204010545,1,2,21,6664,0.24632622,0.0,0,0.563
-1146883,256851,201204010545,1,2,21,6631,0.24425963,0.0,0,0.563
-1146990,256834,201204010545,1,2,21,6109,0.2115699,0.0,0,0.563
-1147096,256817,201204010545,1,2,21,5916,0.19948347,0.0,0,0.563
-1147203,256800,201204010545,1,2,21,6423,0.23123384,0.0,0,0.563
-1147310,256784,201204010545,1,2,21,6463,0.2337388,0.0,0,0.563
-1147417,256767,201204010545,1,2,21,6656,0.24582523,0.0,0,0.563
-1147524,256750,201204010545,1,2,21,6960,0.26486292,0.0,0,0.563
-1147631,256733,201204010545,1,2,21,6680,0.2473282,0.0,0,0.563
-1147739,256716,201204010545,1,2,21,6109,0.2115699,0.0,0,0.563
-1147846,256698,201204010545,1,2,21,6599,0.24225566,0.0,0,0.563
-1147953,256681,201204010545,1,2,21,7313,0.28696918,0.0,0,0.563
-1148061,256664,201204010545,1,2,21,7369,0.2904761,0.0,0,0.563
-1148169,256647,201204010545,1,2,21,6712,0.24933217,0.0,0,0.563
-1148276,256630,201204010545,1,2,21,6053,0.20806296,0.0,0,0.563
-1148384,256613,201204010545,1,2,21,5973,0.20305304,0.0,0,0.563
-1148492,256595,201204010545,1,2,21,6206,0.21764444,0.0,0,0.563
-1148600,256578,201204010545,1,2,21,6222,0.21864642,0.0,0,0.563
-1148708,256561,201204010545,1,2,21,6318,0.22465833,0.0,0,0.563
-1148817,256544,201204010545,1,2,21,6222,0.21864642,0.0,0,0.563
-1148925,256526,201204010545,1,2,21,6069,0.20906495,0.0,0,0.563
-1149034,256509,201204010545,1,2,21,6021,0.206059,0.0,0,0.563
-1149142,256492,201204010545,1,2,21,5908,0.19898248,0.0,0,0.563
-1149251,256474,201204010545,1,2,21,5989,0.20405503,0.0,0,0.563
-1149360,256457,201204010545,1,2,21,5981,0.20355403,0.0,0,0.563
-1149469,256439,201204010545,1,2,21,6447,0.23273681,0.0,0,0.563
-1149578,256422,201204010545,1,2,21,6736,0.25083515,0.0,0,0.563
-1149687,256404,201204010545,1,2,21,6093,0.21056792,0.0,0,0.563
-1149796,256387,201204010545,1,2,21,5892,0.1979805,0.0,0,0.563
-1149905,256369,201204010545,1,2,21,5836,0.19447356,0.0,0,0.563
-1150015,256351,201204010545,1,2,21,6021,0.206059,0.0,0,0.563
-1150125,256334,201204010545,1,2,21,6278,0.22215337,0.0,0,0.563
-1150234,256316,201204010545,1,2,21,6238,0.2196484,0.0,0,0.563
-1150344,256299,201204010545,1,2,21,5836,0.19447356,0.0,0,0.563
-1150454,256281,201204010545,1,2,21,5868,0.19647753,0.0,0,0.563
-1150564,256263,201204010545,1,2,21,6053,0.20806296,0.0,0,0.563
-1150674,256245,201204010545,1,2,21,6077,0.20956594,0.0,0,0.563
-1150784,256227,201204010545,1,2,21,6053,0.20806296,0.0,0,0.563
-1150895,256210,201204010545,1,2,21,6391,0.22922987,0.0,0,0.563
-1151005,256192,201204010545,1,2,21,6246,0.2201494,0.0,0,0.563
-1151116,256174,201204010545,1,2,21,5876,0.19697851,0.0,0,0.563
-1151227,256156,201204010545,1,2,21,5884,0.1974795,0.0,0,0.563
-1151338,256138,201204010545,1,2,21,5965,0.20255205,0.0,0,0.563
-1151449,256120,201204010545,1,2,21,6069,0.20906495,0.0,0,0.563
-1151560,256102,201204010545,1,2,21,6053,0.20806296,0.0,0,0.563
-1151671,256084,201204010545,1,2,21,6045,0.20756197,0.0,0,0.563
-1151782,256066,201204010545,1,2,21,6093,0.21056792,0.0,0,0.563
-1151894,256048,201204010545,1,2,21,6415,0.23073284,0.0,0,0.563
-1152005,256030,201204010545,1,2,21,6479,0.23474078,0.0,0,0.563
-1152117,256012,201204010545,1,2,21,6728,0.25033414,0.0,0,0.563
-1152229,255993,201204010545,1,2,21,6326,0.22515932,0.0,0,0.563
-1152341,255975,201204010545,1,2,21,6045,0.20756197,0.0,0,0.563
-1152453,255957,201204010545,1,2,21,5948,0.20148744,0.0,0,0.563
-1152565,255939,201204010545,1,2,21,6037,0.20706098,0.0,0,0.563
-1152678,255920,201204010545,1,2,21,6575,0.24075268,0.0,0,0.563
-1152790,255902,201204010545,1,2,21,6077,0.20956594,0.0,0,0.563
-1152903,255884,201204010545,1,2,21,5932,0.20048545,0.0,0,0.563
-1153016,255865,201204010545,1,2,21,5868,0.19647753,0.0,0,0.563
-1153128,255847,201204010545,1,2,21,5852,0.19547555,0.0,0,0.563
-1153242,255828,201204010545,1,2,21,5868,0.19647753,0.0,0,0.563
-1153355,255810,201204010545,1,2,21,5892,0.1979805,0.0,0,0.563
-1153468,255791,201204010545,1,2,21,6005,0.20505701,0.0,0,0.563
-1153581,255773,201204010545,1,2,21,5965,0.20255205,0.0,0,0.563
-1153695,255754,201204010545,1,2,21,5981,0.20355403,0.0,0,0.563
-1153809,255735,201204010545,1,2,21,5989,0.20405503,0.0,0,0.563
-1153923,255717,201204010545,1,2,21,6238,0.2196484,0.0,0,0.563
-1154036,255698,201204010545,1,2,21,6897,0.2609176,0.0,0,0.563
-1154151,255679,201204010545,1,2,21,6326,0.22515932,0.0,0,0.563
-1154265,255660,201204010545,1,2,21,5981,0.20355403,0.0,0,0.563
-1154379,255642,201204010545,1,2,21,5948,0.20148744,0.0,0,0.563
-1154494,255623,201204010545,1,2,21,6077,0.20956594,0.0,0,0.563
-1154609,255604,201204010545,1,2,21,6656,0.24582523,0.0,0,0.563
-1154723,255585,201204010545,1,2,21,6495,0.23574276,0.0,0,0.563
-1154838,255566,201204010545,1,2,21,6013,0.205558,0.0,0,0.563
-1154953,255547,201204010545,1,2,21,5852,0.19547555,0.0,0,0.563
-1155069,255528,201204010545,1,2,21,5876,0.19697851,0.0,0,0.563
-1155184,255509,201204010545,1,2,21,5981,0.20355403,0.0,0,0.563
-1155300,255490,201204010545,1,2,21,6037,0.20706098,0.0,0,0.563
-1155415,255471,201204010545,1,2,21,6117,0.2120709,0.0,0,0.563
-1155531,255452,201204010545,1,2,21,6447,0.23273681,0.0,0,0.563
-1155647,255432,201204010545,1,2,21,7073,0.27193943,0.0,0,0.563
-1155763,255413,201204010545,1,2,21,6712,0.24933217,0.0,0,0.563
-1155880,255394,201204010545,1,2,21,6503,0.23624375,0.0,0,0.563
-1155996,255375,201204010545,1,2,21,6214,0.21814543,0.0,0,0.563
-1156113,255355,201204010545,1,2,21,5997,0.20455602,0.0,0,0.563
-1156230,255336,201204010545,1,2,21,5957,0.20205106,0.0,0,0.563
-1156347,255317,201204010545,1,2,21,5900,0.19848149,0.0,0,0.563
-1156464,255297,201204010545,1,2,21,5852,0.19547555,0.0,0,0.563
-1156581,255278,201204010545,1,2,21,5973,0.20305304,0.0,0,0.563
-1156698,255258,201204010545,1,2,21,5868,0.19647753,0.0,0,0.563
-1156816,255239,201204010545,1,2,21,5828,0.19397257,0.0,0,0.563
-1156934,255219,201204010545,1,2,21,5868,0.19647753,0.0,0,0.563
-1157052,255199,201204010545,1,2,21,5916,0.19948347,0.0,0,0.563
-1157170,255180,201204010545,1,2,21,6005,0.20505701,0.0,0,0.563
-1157288,255160,201204010545,1,2,21,5989,0.20405503,0.0,0,0.563
-1157406,255140,201204010545,1,2,21,5836,0.19447356,0.0,0,0.563
-1157525,255120,201204010545,1,2,21,5892,0.1979805,0.0,0,0.563
-1157643,255100,201204010545,1,2,21,5860,0.19597654,0.0,0,0.563
-1157762,255081,201204010545,1,2,21,6359,0.2272259,0.0,0,0.563
-1157881,255061,201204010545,1,2,21,6463,0.2337388,0.0,0,0.563
-1158001,255041,201204010545,1,2,21,5989,0.20405503,0.0,0,0.563
-1158120,255021,201204010545,1,2,21,6045,0.20756197,0.0,0,0.563
-1158240,255001,201204010545,1,2,21,6013,0.205558,0.0,0,0.563
-1158359,254981,201204010545,1,2,21,6013,0.205558,0.0,0,0.563
-1158479,254961,201204010545,1,2,21,5949,0.20155007,0.0,0,0.563
-1158599,254940,201204010545,1,2,21,5788,0.19146761,0.0,0,0.563
-1158719,254920,201204010545,1,2,21,5788,0.19146761,0.0,0,0.563
-1158840,254900,201204010545,1,2,21,5804,0.1924696,0.0,0,0.563
-1158961,254880,201204010545,1,2,21,5763,0.18990201,0.0,0,0.563
-1159081,254859,201204010545,1,2,21,5739,0.18839903,0.0,0,0.563
-1159202,254839,201204010545,1,2,21,5780,0.19096662,0.0,0,0.563
-1159323,254819,201204010545,1,2,21,5836,0.19447356,0.0,0,0.563
-1159445,254798,201204010545,1,2,21,6029,0.20655999,0.0,0,0.563
-1159566,254778,201204010545,1,2,21,5804,0.1924696,0.0,0,0.563
-1159688,254757,201204010545,1,2,21,5884,0.1974795,0.0,0,0.563
-1159810,254736,201204010545,1,2,21,5755,0.18940102,0.0,0,0.563
-1159932,254716,201204010545,1,2,21,5707,0.18639506,0.0,0,0.563
-1160054,254695,201204010545,1,2,21,6021,0.206059,0.0,0,0.563
-1160177,254674,201204010545,1,2,21,6238,0.2196484,0.0,0,0.563
-1160299,254654,201204010545,1,2,21,5796,0.1919686,0.0,0,0.563
-1160422,254633,201204010545,1,2,21,5691,0.18539308,0.0,0,0.563
-1160545,254612,201204010545,1,2,21,5667,0.1838901,0.0,0,0.563
-1160668,254591,201204010545,1,2,21,5731,0.18789804,0.0,0,0.563
-1160792,254570,201204010545,1,2,21,5667,0.1838901,0.0,0,0.563
-1160915,254549,201204010545,1,2,21,5683,0.18489209,0.0,0,0.563
-1161039,254528,201204010545,1,2,21,5731,0.18789804,0.0,0,0.563
-1161163,254507,201204010545,1,2,21,5651,0.18288812,0.0,0,0.563
-1161287,254486,201204010545,1,2,21,5651,0.18288812,0.0,0,0.563
-1161411,254465,201204010545,1,2,21,5659,0.18338911,0.0,0,0.563
-1161536,254444,201204010545,1,2,21,5618,0.18082152,0.0,0,0.563
-1161661,254422,201204010545,1,2,21,5659,0.18338911,0.0,0,0.563
-1161786,254401,201204010545,1,2,21,5667,0.1838901,0.0,0,0.563
-1161911,254380,201204010545,1,2,21,5643,0.18238713,0.0,0,0.563
-1162036,254358,201204010545,1,2,21,5618,0.18082152,0.0,0,0.563
-1162162,254337,201204010545,1,2,21,5691,0.18539308,0.0,0,0.563
-1162287,254315,201204010545,1,2,21,5731,0.18789804,0.0,0,0.563
-1162413,254294,201204010545,1,2,21,5667,0.1838901,0.0,0,0.563
-1162540,254272,201204010545,1,2,21,5691,0.18539308,0.0,0,0.563
